Product Name,Product Category,Product Department
Field & Stream Sportsman 16 Gun Fire Safe,Fishing,Fan Shop
Pelican Sunstream 100 Kayak,Water Sports,Fan Shop
Diamondback Women's Serene Classic Comfort Bi,Camping & Hiking,Fan Shop
O'Brien Men's Neoprene Life Vest,Indoor/Outdoor Games,Fan Shop
Team Golf Texas Longhorns Putter Grip,Accessories,Outdoors
Titleist Pro V1x High Numbers Personalized Go,Electronics,Outdoors
Titleist Pro V1x Golf Balls,Electronics,Outdoors
Team Golf San Francisco Giants Putter Grip,Accessories,Outdoors
Titleist Pro V1 High Numbers Personalized Gol,Electronics,Outdoors
Polar Loop Activity Tracker,Kids' Golf Clubs,Outdoors
LIJA Women's Argyle Golf Polo,Golf Shoes,Outdoors
Ogio Race Golf Shoes,Golf Bags & Carts,Outdoors
Team Golf Tennessee Volunteers Putter Grip,Accessories,Outdoors
Bag Boy Beverage Holder,Golf Gloves,Outdoors
Bridgestone e6 Straight Distance NFL Tennesse,Electronics,Outdoors
Hirzl Men's Hybrid Golf Glove,Golf Balls,Outdoors
Clicgear 8.0 Shoe Brush,Golf Gloves,Outdoors
Glove It Women's Mod Oval 3-Zip Carry All Gol,Trade-In,Outdoors
Glove It Imperial Golf Towel,Trade-In,Outdoors
LIJA Women's Button Golf Dress,Golf Shoes,Outdoors
TaylorMade 2017 Purelite Stand Bag,Golf Gloves,Outdoors
GolfBuddy VT3 GPS Watch,Kids' Golf Clubs,Outdoors
Cleveland Golf Women's 588 RTX CB Satin Chrom,Golf Apparel,Outdoors
adidas Youth Germany Black/Red Away Match Soc,Girls' Apparel,Golf
Under Armour Women's Ignite PIP VI Slide,Electronics,Footwear
Under Armour Hustle Storm Medium Duffle Bag,Fitness Accessories,Footwear
Under Armour Men's Tech II T-Shirt,Lacrosse,Fitness
Nike Women's Tempo Shorts,Cardio Equipment,Footwear
Nike Men's Comfort 2 Slide,Tennis & Racquet,Fitness
Under Armour Kids' Mercenary Slide,Electronics,Footwear
Nike Men's Deutschland Weltmeister Winners Bl,Girls' Apparel,Golf
Nike Men's Kobe IX Elite Low Basketball Shoe,Shop By Sport,Golf
Nike Men's Fingertrap Max Training Shoe,Soccer,Fitness
Nike Men's Free 5.0+ Running Shoe,Cardio Equipment,Footwear
Under Armour Girls' Toddler Spine Surge Runni,Shop By Sport,Golf
Nike Men's Dri-FIT Victory Golf Polo,Women's Apparel,Golf
Perfect Fitness Perfect Rip Deck,Cleats,Apparel
Merrell Women's Grassbow Sport Waterproof Hik,Men's Golf Clubs,Outdoors
Nike Men's CJ Elite 2 TD Football Cleat,Men's Footwear,Apparel
TYR Boys' Team Digi Jammer,Girls' Apparel,Golf
Clicgear Rovic Cooler Bag,Golf Gloves,Outdoors
ENO Atlas Hammock Straps,Hunting & Shooting,Fan Shop
adidas Men's Germany Black Crest Away Tee,Girls' Apparel,Golf
Columbia Men's PFG Anchor Tough T-Shirt,Shop By Sport,Golf
Nike Women's Legend V-Neck T-Shirt,Hockey,Fitness
Under Armour Women's Ignite Slide,Electronics,Footwear
Under Armour Women's Micro G Skulpt Running S,Boxing & MMA,Footwear
Under Armour Men's Compression EV SL Slide,Electronics,Footwear
Nike Women's Free 5.0 TR FIT PRT 4 Training S,Boxing & MMA,Footwear
Hirzl Women's Soffft Flex Golf Glove,Golf Balls,Outdoors
Team Golf Pittsburgh Steelers Putter Grip,Accessories,Outdoors
Top Flite Women's 2017 XL Hybrid,Golf Apparel,Outdoors
Team Golf New England Patriots Putter Grip,Accessories,Outdoors
Glove It Women's Imperial Golf Glove,Golf Balls,Outdoors
Hirzl Women's Hybrid Golf Glove,Golf Balls,Outdoors
Glove It Women's Mod Oval Golf Glove,Golf Balls,Outdoors
Glove It Urban Brick Golf Towel,Trade-In,Outdoors
LIJA Women's Eyelet Sleeveless Golf Polo,Golf Shoes,Outdoors
LIJA Women's Mid-Length Panel Golf Shorts,Golf Shoes,Outdoors
Polar FT4 Heart Rate Monitor,Kids' Golf Clubs,Outdoors
Bridgestone e6 Straight Distance NFL Carolina,Electronics,Outdoors
Titleist Pro V1x High Numbers Golf Balls,Electronics,Outdoors
Merrell Women's Grassbow Sport Hiking Shoe,Men's Golf Clubs,Outdoors
Nike Men's Free TR 5.0 TB Training Shoe,As Seen on  TV!,Footwear
adidas Men's F10 Messi TRX FG Soccer Cleat,Baseball & Softball,Fitness
Nike Kids' Grade School KD VI Basketball Shoe,Lacrosse,Fitness
Yakima DoubleDown Ace Hitch Mount 4-Bike Rack,Strength Training,Footwear
Brooks Women's Ghost 6 Running Shoe,Boxing & MMA,Footwear
Nike Dri-FIT Crew Sock 6 Pack,Hockey,Fitness
adidas Kids' F5 Messi FG Soccer Cleat,Baseball & Softball,Fitness
Elevation Training Mask 2.0,Soccer,Fitness
adidas Brazuca 2017 Official Match Ball,Baseball & Softball,Fitness
Diamondback Girls' Clarity 24 Hybrid Bike 201,Basketball,Fitness
MDGolf Pittsburgh Penguins Putter,Women's Golf Clubs,Outdoors
Fitbit The One Wireless Activity & Sleep Trac,Kids' Golf Clubs,Outdoors
Merrell Men's All Out Flash Trail Running Sho,Men's Golf Clubs,Outdoors
Merrell Women's Siren Mid Waterproof Hiking B,Men's Golf Clubs,Outdoors
TaylorMade Women's RBZ SL Rescue,Golf Apparel,Outdoors
Titleist Small Wheeled Travel Cover,Golf Gloves,Outdoors
Garmin Approach S4 Golf GPS Watch,Kids' Golf Clubs,Outdoors
Garmin Approach S3 Golf GPS Watch,Trade-In,Outdoors
Bridgestone e6 Straight Distance NFL San Dieg,Electronics,Outdoors
Team Golf St. Louis Cardinals Putter Grip,Accessories,Outdoors
Total Gym 1400,Cleats,Apparel
Pelican Maverick 100X Kayak,Water Sports,Fan Shop
Bag Boy M330 Push Cart,Golf Gloves,Outdoors
TaylorMade White Smoke IN-12 Putter,Women's Golf Clubs,Outdoors
Industrial consumer electronics,Consumer Electronics,Technology
Titleist Club Glove Travel Cover,Golf Gloves,Outdoors
Cleveland Golf Collegiate My Custom Wedge 588,Women's Golf Clubs,Outdoors
Mio ALPHA Heart Rate Monitor/Sport Watch,Kids' Golf Clubs,Outdoors
insta-bed Neverflat Air Mattress,Hunting & Shooting,Fan Shop
Lawn mower,Garden,Outdoors
Children's heaters,Children's Clothing,Apparel
The North Face Women's Recon Backpack,Hunting & Shooting,Fan Shop
Sports Books,Books,Book Shop
Baby sweater,Baby,Apparel
CDs of rock,CDs,Discs Shop
Web Camera,Cameras,Technology
Porcelain crafts,Crafts,Apparel
DVDs,DVDs,Discs Shop
Diamondback Boys' Insight 24 Performance Hybr,Basketball,Fitness
Stiga Master Series ST3100 Competition Indoor,Hockey,Fitness
Garmin Forerunner 910XT GPS Watch,Kids' Golf Clubs,Outdoors
Fighting video games,Video Games,Discs Shop
Adult dog supplies,Pet Supplies,Pet Shop
Summer dresses,Women's Clothing,Apparel
Smart watch,Sporting Goods,Fitness
First aid kit,Health and Beauty,Health and Beauty
Rock music,Music,Discs Shop
Men's gala suit,Men's Clothing,Apparel
Toys,Toys,Fan Shop
GoPro HERO3+ Black Edition Camera,Strength Training,Footwear
